<?xml version="1.0" encoding="UTF-8" standalone="yes"?>
<addon id="plugin.program.wizard_1" name="[COLOR red]Blackwater[/COLOR] [COLOR aqua]Wizard[/COLOR]" version="1.0" provider-name="Blackwater Build">
  <requires>
    <import addon="xbmc.python" version="2.1.0"/>
  </requires>
  <extension point="xbmc.python.pluginsource" library="default.py">
        <provides>executable</provides>
  </extension>
  <extension point="xbmc.addon.metadata">
		<summary lang="en">Welcome To Blackwater Wizard</summary>
		<description lang="en">Install All Blackwater Builds Here</description>
		<disclaimer lang="en">Make Sure You Have Performed A Fresh Start/Cleared Data Before Proceeding.</disclaimer>
		<platform>all</platform>
	</extension>
</addon>
